{"cameraMode":{"drawMode":0,"name":"Shaded","section":"Shading Mode"},"sceneLighting":false,"audioPlay":false,"sceneViewState":{"m_AlwaysRefresh":false,"showFog":true,"showSkybox":false,"showFlares":true,"showImageEffects":true,"showParticleSystems":true,"showVisualEffectGraphs":true,"m_FxEnabled":false},"in2DMode":false,"pivot":{"x":-7.217634201049805,"y":7.897944927215576,"z":7.00900936126709},"rotation":{"x":0.0018336898647248746,"y":-0.9578783512115479,"z":0.0060368492268025879,"w":0.28718769550323489},"size":8.857878684997559,"orthographic":false}