{"cameraMode":{"drawMode":0,"name":"Shaded","section":"Shading Mode"},"sceneLighting":false,"audioPlay":false,"sceneViewState":{"m_AlwaysRefresh":false,"showFog":true,"showSkybox":false,"showFlares":true,"showImageEffects":true,"showParticleSystems":true,"showVisualEffectGraphs":true,"m_FxEnabled":false},"in2DMode":false,"pivot":{"x":-1.9144771099090577,"y":0.8355090022087097,"z":-0.13542413711547852},"rotation":{"x":0.010274807922542096,"y":-0.9785440564155579,"z":0.05024801567196846,"w":0.19967249035835267},"size":2.5367183685302736,"orthographic":false}