{"cameraMode":{"drawMode":0,"name":"Shaded","section":"Shading Mode"},"sceneLighting":true,"audioPlay":false,"sceneViewState":{"m_AlwaysRefresh":false,"showFog":true,"showSkybox":true,"showFlares":true,"showImageEffects":true,"showParticleSystems":true,"showVisualEffectGraphs":true,"m_FxEnabled":false},"in2DMode":false,"pivot":{"x":472.0558776855469,"y":428.7866516113281,"z":-3.97662353515625},"rotation":{"x":-0.1984904259443283,"y":0.0023666583001613619,"z":-0.00047420067130587995,"w":-0.9801400303840637},"size":146.49168395996095,"orthographic":false}